1,氏家 愛梨,うじいえ あいり,ujiie_airi@example.com,42,神奈川県
2,海老原 惇,えびはら あつし,ebihara_atsushi@example.com,26,大阪府
3,比嘉 六郎,ひよし ろくろう,hiyoshi_rokurou@example.com,59,神奈川県
4,高井 光洋,たかい みつひろ,takai_mitsuhiro@example.com,24,神奈川県
5,江原 雄太,えはら ゆうた,ehara_yuuta@example.com,39,群馬県
6,城戸 俊二,きど しゅんじ,kido_shunji@example.com,41,広島県
7,八木 光洋,やぎ みつひろ,yagi_mitsuhiro@example.com,48,青森県
8,五味 あき,ごみ あき,gomi_aki@example.com,34,岡山県
9,橘 恭子,たちばな きょうこ,tachibana_kyouko@example.com,53,大阪府
10,岡野 さやか,おかの さやか,okano_sayaka@example.com,60,北海道
11,野田 和久,のだ かずひさ,noda_kazuhisa@example.com,38,新潟県
12,森岡 由美子,もりおか ゆみこ,morioka_yumiko@example.com,36,東京都
13,石塚 あおい,いしづか あおい,ishiduka_aoi@example.com,64,愛知県
14,有馬 美帆,ありま みほ,arima_miho@example.com,35,埼玉県
15,奥貫 憲史,おくぬき のりひと,okunuki_norihito@example.com,75,奈良県
16,大坪 ジローラモ,おおつぼ じろーらも,ootsubo_girolamo@example.com,66,京都府
17,高山 晋也,たかやま しんや,takayama_shinya@example.com,59,福岡県
18,松永 あおい,まつなが あおい,matsunaga_aoi@example.com,77,宮崎県
19,森島 扶樹,もりしま もとき,morishima_motoki@example.com,56,兵庫県
20,瀬川 亮介,せがわ りょうすけ,segawa_ryousuke@example.com,59,熊本県
21,とよた 豊,とよた ゆたか,toyota_yutaka@example.com,63,宮崎県
22,宇野 夏希,うの なつき,uno_natsuki@example.com,40,大阪府
23,東 慢太郎,ひがし まんたろう,higashi_mantarou@example.com,50,埼玉県
24,荒木 真悠子,あらき まゆこ,araki_mayuko@example.com,69,埼玉県
25,清水 美紀,しみず みき,shimizu_miki@example.com,52,茨城県
26,大後 まひる,おおご まひる,oogo_mahiru@example.com,21,東京都
27,石黒 貴美子,いしぐろ きみこ,ishiguro_kimiko@example.com,55,鳥取県
28,沢尻 ひとり,さわじり ひとり,sawajiri_hitori@example.com,33,愛知県
29,日高 敦,ひだか あつし,hidaka_atsushi@example.com,65,埼玉県
30,伊藤 扶樹,いとう もとき,itou_motoki@example.com,29,静岡県